<?xml version="1.0" encoding="UTF-8" standalone="yes" ?><cp:coreProperties xmlns:cp="http://schemas.openxmlformats.org/package/2006/metadata/core-properties" xmlns:dc="http://purl.org/dc/elements/1.1/" xmlns:dcmitype="http://purl.org/dc/dcmitype/" xmlns:dcterms="http://purl.org/dc/terms/" xmlns:xsi="http://www.w3.org/2001/XMLSchema-instance"><cp:category>Model</cp:category><dcterms:created xsi:type="dcterms:W3CDTF">2012-10-25T22:23:04Z</dcterms:created><dc:creator>Alec</dc:creator><dc:description></dc:description><cp:lastModifiedBy>user</cp:lastModifiedBy><dcterms:modified xsi:type="dcterms:W3CDTF">2016-05-21T15:09:36Z</dcterms:modified><cp:revision>1.173</cp:revision><cp:version>R2013a</cp:version></cp:coreProperties>